,INDEX,DATA,VALORE
0,1,2011-01-01,3.9
1,2,2011-01-02,7.3
2,3,2011-01-03,6.9
3,4,2011-01-04,4.7
4,5,2011-01-05,2.4
5,6,2011-01-06,1.6
6,7,2011-01-07,3.2
7,8,2011-01-08,5.8
8,9,2011-01-09,5.2
9,10,2011-01-10,9.3
10,11,2011-01-11,8.3
11,12,2011-01-12,9.2
12,13,2011-01-13,4.9
13,14,2011-01-14,5.0
14,15,2011-01-15,9.7
15,16,2011-01-16,5.7
16,17,2011-01-17,3.8
17,18,2011-01-18,2.1
18,19,2011-01-19,6.9
19,20,2011-01-20,7.5
20,21,2011-01-21,5.9
21,22,2011-01-22,5.4
22,23,2011-01-23,5.8
23,24,2011-01-24,4.8
24,25,2011-01-25,6.7
25,26,2011-01-26,5.4
26,27,2011-01-27,7.7
27,28,2011-01-28,6.8
28,29,2011-01-29,5.8
29,30,2011-01-30,6.0
30,31,2011-01-31,8.2
31,32,2011-02-01,8.9
32,33,2011-02-02,9.5
33,34,2011-02-03,9.8
34,35,2011-02-04,9.5
35,36,2011-02-05,9.5
36,37,2011-02-06,9.9
37,38,2011-02-07,9.7
38,39,2011-02-08,3.1
39,40,2011-02-09,9.2
40,41,2011-02-10,9.9
41,42,2011-02-11,9.6
42,43,2011-02-12,9.9
43,44,2011-02-13,8.4
44,45,2011-02-14,9.6
45,46,2011-02-15,9.8
46,47,2011-02-16,9.1
47,48,2011-02-17,9.8
48,49,2011-02-18,9.9
49,50,2011-02-19,9.9
50,51,2011-02-20,9.2
51,52,2011-02-21,8.3
52,53,2011-02-22,6.3
53,54,2011-02-23,5.7
54,55,2011-02-24,7.0
55,56,2011-02-25,6.9
56,57,2011-02-26,9.3
57,58,2011-02-27,6.0
58,59,2011-02-28,8.0
59,60,2011-03-01,8.5
60,61,2011-03-02,4.9
61,62,2011-03-03,6.1
62,63,2011-03-04,9.1
63,64,2011-03-05,9.9
64,65,2011-03-06,9.8
65,66,2011-03-07,7.8
66,67,2011-03-08,6.8
67,68,2011-03-09,9.8
68,69,2011-03-10,9.8
69,70,2011-03-11,9.9
70,71,2011-03-12,9.8
71,72,2011-03-13,9.9
72,73,2011-03-14,9.9
73,74,2011-03-15,9.9
74,75,2011-03-16,12.5
75,76,2011-03-17,9.9
76,77,2011-03-18,9.8
77,78,2011-03-19,9.8
78,79,2011-03-20,9.8
79,80,2011-03-21,9.9
80,81,2011-03-22,9.9
81,82,2011-03-23,9.9
82,83,2011-03-24,9.9
83,84,2011-03-25,9.9
84,85,2011-03-26,9.8
85,86,2011-03-27,9.9
86,87,2011-03-28,12.6
87,88,2011-03-29,9.9
88,89,2011-03-30,9.8
89,90,2011-03-31,9.8
90,91,2011-04-01,9.9
91,92,2011-04-02,9.5
92,93,2011-04-03,9.8
93,94,2011-04-04,19.1
94,95,2011-04-05,19.0
95,96,2011-04-06,9.9
96,97,2011-04-07,9.9
97,98,2011-04-08,23.0
98,99,2011-04-09,32.1
99,100,2011-04-10,19.6
100,101,2011-04-11,9.8
101,102,2011-04-12,19.3
102,103,2011-04-13,9.8
103,104,2011-04-14,9.9
104,105,2011-04-15,9.9
105,106,2011-04-16,9.9
106,107,2011-04-17,9.9
107,108,2011-04-18,9.9
108,109,2011-04-19,9.7
109,110,2011-04-20,9.4
110,111,2011-04-21,9.9
111,112,2011-04-22,17.9
112,113,2011-04-23,18.5
113,114,2011-04-24,20.3
114,115,2011-04-25,9.9
115,116,2011-04-26,20.2
116,117,2011-04-27,19.6
117,118,2011-04-28,18.9
118,119,2011-04-29,18.3
119,120,2011-04-30,9.9
120,121,2011-05-01,22.1
121,122,2011-05-02,19.6
122,123,2011-05-03,20.9
123,124,2011-05-04,17.8
124,125,2011-05-05,9.5
125,126,2011-05-06,
126,127,2011-05-07,9.9
127,128,2011-05-08,24.7
128,129,2011-05-09,20.4
129,130,2011-05-10,24.5
130,131,2011-05-11,27.6
131,132,2011-05-12,24.6
132,133,2011-05-13,24.1
133,134,2011-05-14,24.1
134,135,2011-05-15,19.3
135,136,2011-05-16,9.9
136,137,2011-05-17,22.6
137,138,2011-05-18,24.0
138,139,2011-05-19,25.1
139,140,2011-05-20,24.7
140,141,2011-05-21,27.1
141,142,2011-05-22,27.4
142,143,2011-05-23,28.7
143,144,2011-05-24,29.0
144,145,2011-05-25,28.9
145,146,2011-05-26,27.9
146,147,2011-05-27,28.7
147,148,2011-05-28,20.9
148,149,2011-05-29,25.1
149,150,2011-05-30,25.0
150,151,2011-05-31,24.9
151,152,2011-06-01,25.0
152,153,2011-06-02,26.0
153,154,2011-06-03,25.4
154,155,2011-06-04,27.2
155,156,2011-06-05,24.9
156,157,2011-06-06,22.6
157,158,2011-06-07,22.5
158,159,2011-06-08,25.0
159,160,2011-06-09,23.4
160,161,2011-06-10,23.0
161,162,2011-06-11,23.8
162,163,2011-06-12,26.3
163,164,2011-06-13,24.9
164,165,2011-06-14,26.4
165,166,2011-06-15,27.9
166,167,2011-06-16,28.8
167,168,2011-06-17,30.3
168,169,2011-06-18,29.6
169,170,2011-06-19,23.8
170,171,2011-06-20,26.1
171,172,2011-06-21,26.5
172,173,2011-06-22,27.7
173,174,2011-06-23,29.7
174,175,2011-06-24,26.0
175,176,2011-06-25,25.9
176,177,2011-06-26,28.1
177,178,2011-06-27,27.8
178,179,2011-06-28,29.4
179,180,2011-06-29,30.3
180,181,2011-06-30,28.2
181,182,2011-07-01,25.7
182,183,2011-07-02,25.0
183,184,2011-07-03,27.9
184,185,2011-07-04,29.7
185,186,2011-07-05,25.2
186,187,2011-07-06,27.4
187,188,2011-07-07,29.3
188,189,2011-07-08,30.5
189,190,2011-07-09,31.0
190,191,2011-07-10,31.4
191,192,2011-07-11,32.2
192,193,2011-07-12,32.5
193,194,2011-07-13,32.1
194,195,2011-07-14,32.5
195,196,2011-07-15,31.1
196,197,2011-07-16,28.9
197,198,2011-07-17,30.9
198,199,2011-07-18,30.4
199,200,2011-07-19,27.9
200,201,2011-07-20,27.5
201,202,2011-07-21,29.1
202,203,2011-07-22,27.9
203,204,2011-07-23,25.5
204,205,2011-07-24,19.7
205,206,2011-07-25,24.6
206,207,2011-07-26,25.3
207,208,2011-07-27,25.9
208,209,2011-07-28,26.2
209,210,2011-07-29,28.8
210,211,2011-07-30,28.4
211,212,2011-07-31,26.4
212,213,2011-08-01,28.2
213,214,2011-08-02,28.4
214,215,2011-08-03,28.3
215,216,2011-08-04,30.1
216,217,2011-08-05,29.3
217,218,2011-08-06,28.5
218,219,2011-08-07,31.5
219,220,2011-08-08,32.7
220,221,2011-08-09,24.8
221,222,2011-08-10,25.4
222,223,2011-08-11,25.7
223,224,2011-08-12,26.8
224,225,2011-08-13,29.1
225,226,2011-08-14,29.2
226,227,2011-08-15,30.2
227,228,2011-08-16,29.4
228,229,2011-08-17,29.9
229,230,2011-08-18,31.5
230,231,2011-08-19,35.5
231,232,2011-08-20,32.6
232,233,2011-08-21,32.7
233,234,2011-08-22,34.9
234,235,2011-08-23,34.9
235,236,2011-08-24,32.1
236,237,2011-08-25,31.9
237,238,2011-08-26,31.1
238,239,2011-08-27,33.2
239,240,2011-08-28,27.4
240,241,2011-08-29,27.7
241,242,2011-08-30,28.4
242,243,2011-08-31,28.5
243,244,2011-09-01,30.1
244,245,2011-09-02,28.7
245,246,2011-09-03,29.1
246,247,2011-09-04,28.9
247,248,2011-09-05,27.8
248,249,2011-09-06,27.1
249,250,2011-09-07,29.4
250,251,2011-09-08,26.4
251,252,2011-09-09,27.6
252,253,2011-09-10,28.4
253,254,2011-09-11,28.7
254,255,2011-09-12,29.8
255,256,2011-09-13,30.2
256,257,2011-09-14,29.9
257,258,2011-09-15,28.7
258,259,2011-09-16,28.4
259,260,2011-09-17,29.1
260,261,2011-09-18,30.7
261,262,2011-09-19,23.0
262,263,2011-09-20,24.2
263,264,2011-09-21,27.1
264,265,2011-09-22,25.7
265,266,2011-09-23,25.0
266,267,2011-09-24,24.8
267,268,2011-09-25,25.4
268,269,2011-09-26,25.4
269,270,2011-09-27,25.6
270,271,2011-09-28,25.7
271,272,2011-09-29,24.6
272,273,2011-09-30,25.4
273,274,2011-10-01,25.5
274,275,2011-10-02,25.3
275,276,2011-10-03,25.8
276,277,2011-10-04,25.4
277,278,2011-10-05,25.6
278,279,2011-10-06,24.0
279,280,2011-10-07,9.7
280,281,2011-10-08,9.9
281,282,2011-10-09,9.8
282,283,2011-10-10,9.9
283,284,2011-10-11,9.9
284,285,2011-10-12,9.2
285,286,2011-10-13,22.3
286,287,2011-10-14,16.7
287,288,2011-10-15,9.9
288,289,2011-10-16,15.0
289,290,2011-10-17,
290,291,2011-10-18,
291,292,2011-10-19,9.9
292,293,2011-10-20,9.9
293,294,2011-10-21,9.9
294,295,2011-10-22,9.9
295,296,2011-10-23,9.8
296,297,2011-10-24,9.9
297,298,2011-10-25,16.4
298,299,2011-10-26,
299,300,2011-10-27,
300,301,2011-10-28,9.9
301,302,2011-10-29,9.7
302,303,2011-10-30,9.9
303,304,2011-10-31,9.9
304,305,2011-11-01,9.9
305,306,2011-11-02,9.9
306,307,2011-11-03,15.2
307,308,2011-11-04,16.8
308,309,2011-11-05,17.7
309,310,2011-11-06,16.5
310,311,2011-11-07,17.4
311,312,2011-11-08,18.2
312,313,2011-11-09,9.9
313,314,2011-11-10,9.9
314,315,2011-11-11,9.8
315,316,2011-11-12,
316,317,2011-11-13,
317,318,2011-11-14,
318,319,2011-11-15,9.9
319,320,2011-11-16,9.8
320,321,2011-11-17,9.9
321,322,2011-11-18,4.2
322,323,2011-11-19,3.4
323,324,2011-11-20,3.5
324,325,2011-11-21,7.6
325,326,2011-11-22,9.9
326,327,2011-11-23,9.7
327,328,2011-11-24,9.9
328,329,2011-11-25,9.4
329,330,2011-11-26,9.9
330,331,2011-11-27,7.5
331,332,2011-11-28,8.9
332,333,2011-11-29,9.8
333,334,2011-11-30,9.9
334,335,2011-12-01,8.5
335,336,2011-12-02,9.6
336,337,2011-12-03,9.4
337,338,2011-12-04,7.6
338,339,2011-12-05,9.1
339,340,2011-12-06,9.9
340,341,2011-12-07,4.3
341,342,2011-12-08,9.9
342,343,2011-12-09,8.3
343,344,2011-12-10,8.3
344,345,2011-12-11,9.9
345,346,2011-12-12,
346,347,2011-12-13,9.9
347,348,2011-12-14,9.9
348,349,2011-12-15,7.0
349,350,2011-12-16,9.2
350,351,2011-12-17,9.0
351,352,2011-12-18,8.9
352,353,2011-12-19,9.3
353,354,2011-12-20,7.3
354,355,2011-12-21,5.3
355,356,2011-12-22,6.8
356,357,2011-12-23,9.1
357,358,2011-12-24,4.9
358,359,2011-12-25,9.6
359,360,2011-12-26,8.4
360,361,2011-12-27,9.8
361,362,2011-12-28,9.4
362,363,2011-12-29,7.5
363,364,2011-12-30,
364,365,2011-12-31,
365,366,2012-01-01,
366,367,2012-01-02,
367,368,2012-01-03,
368,369,2012-01-04,5.4
369,370,2012-01-05,5.2
370,371,2012-01-06,9.8
371,372,2012-01-07,8.6
372,373,2012-01-08,9.4
373,374,2012-01-09,9.9
374,375,2012-01-10,9.4
375,376,2012-01-11,9.9
376,377,2012-01-12,8.2
377,378,2012-01-13,8.2
378,379,2012-01-14,9.9
379,380,2012-01-15,5.8
380,381,2012-01-16,4.4
381,382,2012-01-17,-3.8
382,383,2012-01-18,-3.4
383,384,2012-01-19,-3.6
384,385,2012-01-20,1.7
385,386,2012-01-21,8.9
386,387,2012-01-22,4.0
387,388,2012-01-23,7.5
388,389,2012-01-24,9.5
389,390,2012-01-25,9.9
390,391,2012-01-26,8.0
391,392,2012-01-27,6.5
392,393,2012-01-28,5.9
393,394,2012-01-29,5.8
394,395,2012-01-30,5.3
395,396,2012-01-31,3.0
396,397,2012-02-01,2.1
397,398,2012-02-02,1.5
398,399,2012-02-03,-2.5
399,400,2012-02-04,-2.7
400,401,2012-02-05,-2.4
401,402,2012-02-06,1.1
402,403,2012-02-07,4.1
403,404,2012-02-08,4.9
404,405,2012-02-09,5.2
405,406,2012-02-10,1.3
406,407,2012-02-11,-3.9
407,408,2012-02-12,1.3
408,409,2012-02-13,4.4
409,410,2012-02-14,5.6
410,411,2012-02-15,9.9
411,412,2012-02-16,9.9
412,413,2012-02-17,9.1
413,414,2012-02-18,8.4
414,415,2012-02-19,6.4
415,416,2012-02-20,5.6
416,417,2012-02-21,
417,418,2012-02-22,
418,419,2012-02-23,9.9
419,420,2012-02-24,9.9
420,421,2012-02-25,9.9
421,422,2012-02-26,9.6
422,423,2012-02-27,9.9
423,424,2012-02-28,9.9
424,425,2012-02-29,9.8
425,426,2012-03-01,9.8
426,427,2012-03-02,9.7
427,428,2012-03-03,9.7
428,429,2012-03-04,9.7
429,430,2012-03-05,9.9
430,431,2012-03-06,9.9
431,432,2012-03-07,9.7
432,433,2012-03-08,9.9
433,434,2012-03-09,9.9
434,435,2012-03-10,9.8
435,436,2012-03-11,9.6
436,437,2012-03-12,9.8
437,438,2012-03-13,9.9
438,439,2012-03-14,9.9
439,440,2012-03-15,9.9
440,441,2012-03-16,9.9
441,442,2012-03-17,9.9
442,443,2012-03-18,9.9
443,444,2012-03-19,9.9
444,445,2012-03-20,9.9
445,446,2012-03-21,9.9
446,447,2012-03-22,9.9
447,448,2012-03-23,9.7
448,449,2012-03-24,9.9
449,450,2012-03-25,9.8
450,451,2012-03-26,9.9
451,452,2012-03-27,9.9
452,453,2012-03-28,9.8
453,454,2012-03-29,9.9
454,455,2012-03-30,9.7
455,456,2012-03-31,9.9
456,457,2012-04-01,9.8
457,458,2012-04-02,9.8
458,459,2012-04-03,9.8
459,460,2012-04-04,15.9
460,461,2012-04-05,16.5
461,462,2012-04-06,20.4
462,463,2012-04-07,9.9
463,464,2012-04-08,9.9
464,465,2012-04-09,9.9
465,466,2012-04-10,9.7
466,467,2012-04-11,9.9
467,468,2012-04-12,9.2
468,469,2012-04-13,13.3
469,470,2012-04-14,16.1
470,471,2012-04-15,9.6
471,472,2012-04-16,9.8
472,473,2012-04-17,9.8
473,474,2012-04-18,9.9
474,475,2012-04-19,9.5
475,476,2012-04-20,9.8
476,477,2012-04-21,9.8
477,478,2012-04-22,9.9
478,479,2012-04-23,9.9
479,480,2012-04-24,9.8
480,481,2012-04-25,9.9
481,482,2012-04-26,9.5
482,483,2012-04-27,9.5
483,484,2012-04-28,25.9
484,485,2012-04-29,21.9
485,486,2012-04-30,23.4
486,487,2012-05-01,24.2
487,488,2012-05-02,23.8
488,489,2012-05-03,23.5
489,490,2012-05-04,23.4
490,491,2012-05-05,22.3
491,492,2012-05-06,20.8
492,493,2012-05-07,19.5
493,494,2012-05-08,21.9
494,495,2012-05-09,23.0
495,496,2012-05-10,26.7
496,497,2012-05-11,28.1
497,498,2012-05-12,28.0
498,499,2012-05-13,22.2
499,500,2012-05-14,17.2
500,501,2012-05-15,9.8
501,502,2012-05-16,9.9
502,503,2012-05-17,9.8
503,504,2012-05-18,9.5
504,505,2012-05-19,9.9
505,506,2012-05-20,19.7
506,507,2012-05-21,16.3
507,508,2012-05-22,9.8
508,509,2012-05-23,24.5
509,510,2012-05-24,31.1
510,511,2012-05-25,24.5
511,512,2012-05-26,22.5
512,513,2012-05-27,23.8
513,514,2012-05-28,25.8
514,515,2012-05-29,25.3
515,516,2012-05-30,27.2
516,517,2012-05-31,24.8
517,518,2012-06-01,27.0
518,519,2012-06-02,25.1
519,520,2012-06-03,26.6
520,521,2012-06-04,23.6
521,522,2012-06-05,22.6
522,523,2012-06-06,22.8
523,524,2012-06-07,26.0
524,525,2012-06-08,24.3
525,526,2012-06-09,24.9
526,527,2012-06-10,27.3
527,528,2012-06-11,23.8
528,529,2012-06-12,27.0
529,530,2012-06-13,24.4
530,531,2012-06-14,24.1
531,532,2012-06-15,25.7
532,533,2012-06-16,27.2
533,534,2012-06-17,28.8
534,535,2012-06-18,31.7
535,536,2012-06-19,31.6
536,537,2012-06-20,32.7
537,538,2012-06-21,32.0
538,539,2012-06-22,31.0
539,540,2012-06-23,29.4
540,541,2012-06-24,30.3
541,542,2012-06-25,30.9
542,543,2012-06-26,27.3
543,544,2012-06-27,28.4
544,545,2012-06-28,28.7
545,546,2012-06-29,29.5
546,547,2012-06-30,31.5
547,548,2012-07-01,31.7
548,549,2012-07-02,32.9
549,550,2012-07-03,32.7
550,551,2012-07-04,30.8
551,552,2012-07-05,30.9
552,553,2012-07-06,29.2
553,554,2012-07-07,31.9
554,555,2012-07-08,30.8
555,556,2012-07-09,33.0
556,557,2012-07-10,31.9
557,558,2012-07-11,32.8
558,559,2012-07-12,29.2
559,560,2012-07-13,28.6
560,561,2012-07-14,32.3
561,562,2012-07-15,29.0
562,563,2012-07-16,26.7
563,564,2012-07-17,26.7
564,565,2012-07-18,28.7
565,566,2012-07-19,29.9
566,567,2012-07-20,30.8
567,568,2012-07-21,28.3
568,569,2012-07-22,25.6
569,570,2012-07-23,26.2
570,571,2012-07-24,28.2
571,572,2012-07-25,27.1
572,573,2012-07-26,28.9
573,574,2012-07-27,30.2
574,575,2012-07-28,30.7
575,576,2012-07-29,33.4
576,577,2012-07-30,28.8
577,578,2012-07-31,31.9
578,579,2012-08-01,33.6
579,580,2012-08-02,31.7
580,581,2012-08-03,30.5
581,582,2012-08-04,29.9
582,583,2012-08-05,31.8
583,584,2012-08-06,32.1
584,585,2012-08-07,32.2
585,586,2012-08-08,30.3
586,587,2012-08-09,29.9
587,588,2012-08-10,29.2
588,589,2012-08-11,28.3
589,590,2012-08-12,26.2
590,591,2012-08-13,27.4
591,592,2012-08-14,27.9
592,593,2012-08-15,29.3
593,594,2012-08-16,29.7
594,595,2012-08-17,30.6
595,596,2012-08-18,31.5
596,597,2012-08-19,32.3
597,598,2012-08-20,32.9
598,599,2012-08-21,32.9
599,600,2012-08-22,32.6
600,601,2012-08-23,32.2
601,602,2012-08-24,31.5
602,603,2012-08-25,31.6
603,604,2012-08-26,30.1
604,605,2012-08-27,26.8
605,606,2012-08-28,27.5
606,607,2012-08-29,29.0
607,608,2012-08-30,29.0
608,609,2012-08-31,26.9
609,610,2012-09-01,25.0
610,611,2012-09-02,25.4
611,612,2012-09-03,24.5
612,613,2012-09-04,26.9
613,614,2012-09-05,25.5
614,615,2012-09-06,28.2
615,616,2012-09-07,26.1
616,617,2012-09-08,28.7
617,618,2012-09-09,27.0
618,619,2012-09-10,30.7
619,620,2012-09-11,28.8
620,621,2012-09-12,28.1
621,622,2012-09-13,18.5
622,623,2012-09-14,23.5
623,624,2012-09-15,23.5
624,625,2012-09-16,23.3
625,626,2012-09-17,23.5
626,627,2012-09-18,26.1
627,628,2012-09-19,24.0
628,629,2012-09-20,9.6
629,630,2012-09-21,9.7
630,631,2012-09-22,9.9
631,632,2012-09-23,22.6
632,633,2012-09-24,25.6
633,634,2012-09-25,23.2
634,635,2012-09-26,26.7
635,636,2012-09-27,28.3
636,637,2012-09-28,22.9
637,638,2012-09-29,20.3
638,639,2012-09-30,22.5
639,640,2012-10-01,22.8
640,641,2012-10-02,25.2
641,642,2012-10-03,24.8
642,643,2012-10-04,24.2
643,644,2012-10-05,22.9
644,645,2012-10-06,22.8
645,646,2012-10-07,24.9
646,647,2012-10-08,20.6
647,648,2012-10-09,19.8
648,649,2012-10-10,17.8
649,650,2012-10-11,18.6
650,651,2012-10-12,20.2
651,652,2012-10-13,21.0
652,653,2012-10-14,19.2
653,654,2012-10-15,20.2
654,655,2012-10-16,9.8
655,656,2012-10-17,9.8
656,657,2012-10-18,9.9
657,658,2012-10-19,9.9
658,659,2012-10-20,9.9
659,660,2012-10-21,9.9
660,661,2012-10-22,9.9
661,662,2012-10-23,9.9
662,663,2012-10-24,9.7
663,664,2012-10-25,9.8
664,665,2012-10-26,16.6
665,666,2012-10-27,17.2
666,667,2012-10-28,9.9
667,668,2012-10-29,9.8
668,669,2012-10-30,9.9
669,670,2012-10-31,9.9
670,671,2012-11-01,9.9
671,672,2012-11-02,9.9
672,673,2012-11-03,9.8
673,674,2012-11-04,17.1
674,675,2012-11-05,9.7
675,676,2012-11-06,9.9
676,677,2012-11-07,9.9
677,678,2012-11-08,9.7
678,679,2012-11-09,9.7
679,680,2012-11-10,9.9
680,681,2012-11-11,17.5
681,682,2012-11-12,9.9
682,683,2012-11-13,16.3
683,684,2012-11-14,15.7
684,685,2012-11-15,9.9
685,686,2012-11-16,9.8
686,687,2012-11-17,9.9
687,688,2012-11-18,8.9
688,689,2012-11-19,9.9
689,690,2012-11-20,9.9
690,691,2012-11-21,9.9
691,692,2012-11-22,9.9
692,693,2012-11-23,9.9
693,694,2012-11-24,9.6
694,695,2012-11-25,9.9
695,696,2012-11-26,9.9
696,697,2012-11-27,9.9
697,698,2012-11-28,16.1
698,699,2012-11-29,9.9
699,700,2012-11-30,9.9
700,701,2012-12-01,9.7
701,702,2012-12-02,8.3
702,703,2012-12-03,9.2
703,704,2012-12-04,6.9
704,705,2012-12-05,7.9
705,706,2012-12-06,7.9
706,707,2012-12-07,7.4
707,708,2012-12-08,5.3
708,709,2012-12-09,2.2
709,710,2012-12-10,4.1
710,711,2012-12-11,7.7
711,712,2012-12-12,5.8
712,713,2012-12-13,3.2
713,714,2012-12-14,4.1
714,715,2012-12-15,2.4
715,716,2012-12-16,5.8
716,717,2012-12-17,6.5
717,718,2012-12-18,3.5
718,719,2012-12-19,2.6
719,720,2012-12-20,1.6
720,721,2012-12-21,3.8
721,722,2012-12-22,2.2
722,723,2012-12-23,1.2
723,724,2012-12-24,4.2
724,725,2012-12-25,7.0
725,726,2012-12-26,7.0
726,727,2012-12-27,7.5
727,728,2012-12-28,7.9
728,729,2012-12-29,9.9
729,730,2012-12-30,6.1
730,731,2012-12-31,8.6
731,732,2013-01-01,3.0
732,733,2013-01-02,6.9
733,734,2013-01-03,9.9
734,735,2013-01-04,7.9
735,736,2013-01-05,5.5
736,737,2013-01-06,7.8
737,738,2013-01-07,6.9
738,739,2013-01-08,7.7
739,740,2013-01-09,6.1
740,741,2013-01-10,7.5
741,742,2013-01-11,6.1
742,743,2013-01-12,5.9
743,744,2013-01-13,6.8
744,745,2013-01-14,6.0
745,746,2013-01-15,6.9
746,747,2013-01-16,7.1
747,748,2013-01-17,6.4
748,749,2013-01-18,6.9
749,750,2013-01-19,4.7
750,751,2013-01-20,6.8
751,752,2013-01-21,5.6
752,753,2013-01-22,8.4
753,754,2013-01-23,8.9
754,755,2013-01-24,8.6
755,756,2013-01-25,7.7
756,757,2013-01-26,4.3
757,758,2013-01-27,5.1
758,759,2013-01-28,4.0
759,760,2013-01-29,3.0
760,761,2013-01-30,5.7
761,762,2013-01-31,4.0
762,763,2013-02-01,5.2
763,764,2013-02-02,7.2
764,765,2013-02-03,9.9
765,766,2013-02-04,9.5
766,767,2013-02-05,7.1
767,768,2013-02-06,6.5
768,769,2013-02-07,7.4
769,770,2013-02-08,7.5
770,771,2013-02-09,6.1
771,772,2013-02-10,4.2
772,773,2013-02-11,6.3
773,774,2013-02-12,3.7
774,775,2013-02-13,7.3
775,776,2013-02-14,9.6
776,777,2013-02-15,8.4
777,778,2013-02-16,9.6
778,779,2013-02-17,9.2
779,780,2013-02-18,8.3
780,781,2013-02-19,8.6
781,782,2013-02-20,6.9
782,783,2013-02-21,5.1
783,784,2013-02-22,4.1
784,785,2013-02-23,4.6
785,786,2013-02-24,8.6
786,787,2013-02-25,9.5
787,788,2013-02-26,9.8
788,789,2013-02-27,9.9
789,790,2013-02-28,9.9
790,791,2013-03-01,9.9
791,792,2013-03-02,9.9
792,793,2013-03-03,9.7
793,794,2013-03-04,9.9
794,795,2013-03-05,9.9
795,796,2013-03-06,9.9
796,797,2013-03-07,9.9
797,798,2013-03-08,9.9
798,799,2013-03-09,9.9
799,800,2013-03-10,9.9
800,801,2013-03-11,9.9
801,802,2013-03-12,9.9
802,803,2013-03-13,9.9
803,804,2013-03-14,9.9
804,805,2013-03-15,8.7
805,806,2013-03-16,7.0
806,807,2013-03-17,9.3
807,808,2013-03-18,9.9
808,809,2013-03-19,9.8
809,810,2013-03-20,9.8
810,811,2013-03-21,9.8
811,812,2013-03-22,9.9
812,813,2013-03-23,9.9
813,814,2013-03-24,8.9
814,815,2013-03-25,5.1
815,816,2013-03-26,7.2
816,817,2013-03-27,7.7
817,818,2013-03-28,8.0
818,819,2013-03-29,9.1
819,820,2013-03-30,9.8
820,821,2013-03-31,9.8
821,822,2013-04-01,9.9
822,823,2013-04-02,9.8
823,824,2013-04-03,9.9
824,825,2013-04-04,9.9
825,826,2013-04-05,9.2
826,827,2013-04-06,9.9
827,828,2013-04-07,9.9
828,829,2013-04-08,9.9
829,830,2013-04-09,9.9
830,831,2013-04-10,9.9
831,832,2013-04-11,9.9
832,833,2013-04-12,20.0
833,834,2013-04-13,9.8
834,835,2013-04-14,9.9
835,836,2013-04-15,9.8
836,837,2013-04-16,19.8
837,838,2013-04-17,22.4
838,839,2013-04-18,24.3
839,840,2013-04-19,9.9
840,841,2013-04-20,17.0
841,842,2013-04-21,18.1
842,843,2013-04-22,15.8
843,844,2013-04-23,17.2
844,845,2013-04-24,9.9
845,846,2013-04-25,22.1
846,847,2013-04-26,21.8
847,848,2013-04-27,20.0
848,849,2013-04-28,21.7
849,850,2013-04-29,20.2
850,851,2013-04-30,19.3
851,852,2013-05-01,22.8
852,853,2013-05-02,20.0
853,854,2013-05-03,20.9
854,855,2013-05-04,21.9
855,856,2013-05-05,22.3
856,857,2013-05-06,18.9
857,858,2013-05-07,21.6
858,859,2013-05-08,21.8
859,860,2013-05-09,25.1
860,861,2013-05-10,23.6
861,862,2013-05-11,18.6
862,863,2013-05-12,20.4
863,864,2013-05-13,21.3
864,865,2013-05-14,9.9
865,866,2013-05-15,22.9
866,867,2013-05-16,18.3
867,868,2013-05-17,20.4
868,869,2013-05-18,20.8
869,870,2013-05-19,21.8
870,871,2013-05-20,20.5
871,872,2013-05-21,9.9
872,873,2013-05-22,19.7
873,874,2013-05-23,20.2
874,875,2013-05-24,9.9
875,876,2013-05-25,9.9
876,877,2013-05-26,9.9
877,878,2013-05-27,9.9
878,879,2013-05-28,20.5
879,880,2013-05-29,23.5
880,881,2013-05-30,18.9
881,882,2013-05-31,20.2
882,883,2013-06-01,19.6
883,884,2013-06-02,19.8
884,885,2013-06-03,22.5
885,886,2013-06-04,23.1
886,887,2013-06-05,24.0
887,888,2013-06-06,23.5
888,889,2013-06-07,25.1
889,890,2013-06-08,26.5
890,891,2013-06-09,26.8
891,892,2013-06-10,23.8
892,893,2013-06-11,23.9
893,894,2013-06-12,27.0
894,895,2013-06-13,27.5
895,896,2013-06-14,27.4
896,897,2013-06-15,28.2
897,898,2013-06-16,28.2
898,899,2013-06-17,29.9
899,900,2013-06-18,30.8
900,901,2013-06-19,30.4
901,902,2013-06-20,30.8
902,903,2013-06-21,30.2
903,904,2013-06-22,30.7
904,905,2013-06-23,30.3
905,906,2013-06-24,23.3
906,907,2013-06-25,25.5
907,908,2013-06-26,23.5
908,909,2013-06-27,21.8
909,910,2013-06-28,20.5
910,911,2013-06-29,24.0
911,912,2013-06-30,25.4
912,913,2013-07-01,25.2
913,914,2013-07-02,25.6
914,915,2013-07-03,27.9
915,916,2013-07-04,30.0
916,917,2013-07-05,30.5
917,918,2013-07-06,30.2
918,919,2013-07-07,28.0
919,920,2013-07-08,28.1
920,921,2013-07-09,29.7
921,922,2013-07-10,30.8
922,923,2013-07-11,29.6
923,924,2013-07-12,27.3
924,925,2013-07-13,27.3
925,926,2013-07-14,28.5
926,927,2013-07-15,29.8
927,928,2013-07-16,26.9
928,929,2013-07-17,27.7
929,930,2013-07-18,28.8
930,931,2013-07-19,31.3
931,932,2013-07-20,31.4
932,933,2013-07-21,30.6
933,934,2013-07-22,30.4
934,935,2013-07-23,31.2
935,936,2013-07-24,33.2
936,937,2013-07-25,30.8
937,938,2013-07-26,31.7
938,939,2013-07-27,32.7
939,940,2013-07-28,33.6
940,941,2013-07-29,30.9
941,942,2013-07-30,29.9
942,943,2013-07-31,31.7
943,944,2013-08-01,31.0
944,945,2013-08-02,32.5
945,946,2013-08-03,35.0
946,947,2013-08-04,33.6
947,948,2013-08-05,34.1
948,949,2013-08-06,33.9
949,950,2013-08-07,32.2
950,951,2013-08-08,33.7
951,952,2013-08-09,31.8
952,953,2013-08-10,29.2
953,954,2013-08-11,29.5
954,955,2013-08-12,30.2
955,956,2013-08-13,29.0
956,957,2013-08-14,24.1
957,958,2013-08-15,26.8
958,959,2013-08-16,27.6
959,960,2013-08-17,31.0
960,961,2013-08-18,30.6
961,962,2013-08-19,28.9
962,963,2013-08-20,23.1
963,964,2013-08-21,26.1
964,965,2013-08-22,25.7
965,966,2013-08-23,27.2
966,967,2013-08-24,25.3
967,968,2013-08-25,25.2
968,969,2013-08-26,25.9
969,970,2013-08-27,25.0
970,971,2013-08-28,26.8
971,972,2013-08-29,24.7
972,973,2013-08-30,25.0
973,974,2013-08-31,25.8
974,975,2013-09-01,25.9
975,976,2013-09-02,25.1
976,977,2013-09-03,28.4
977,978,2013-09-04,26.3
978,979,2013-09-05,26.3
979,980,2013-09-06,26.6
980,981,2013-09-07,27.0
981,982,2013-09-08,27.0
982,983,2013-09-09,30.6
983,984,2013-09-10,25.7
984,985,2013-09-11,21.2
985,986,2013-09-12,22.9
986,987,2013-09-13,22.6
987,988,2013-09-14,24.0
988,989,2013-09-15,21.7
989,990,2013-09-16,24.7
990,991,2013-09-17,20.1
991,992,2013-09-18,20.5
992,993,2013-09-19,23.6
993,994,2013-09-20,22.9
994,995,2013-09-21,22.8
995,996,2013-09-22,23.7
996,997,2013-09-23,26.8
997,998,2013-09-24,25.1
998,999,2013-09-25,27.1
999,1000,2013-09-26,27.0
1000,1001,2013-09-27,25.0
1001,1002,2013-09-28,23.8
1002,1003,2013-09-29,21.6
1003,1004,2013-09-30,16.3
1004,1005,2013-10-01,19.6
1005,1006,2013-10-02,19.6
1006,1007,2013-10-03,16.4
1007,1008,2013-10-04,15.1
1008,1009,2013-10-05,14.7
1009,1010,2013-10-06,17.8
1010,1011,2013-10-07,17.1
1011,1012,2013-10-08,16.7
1012,1013,2013-10-09,20.6
1013,1014,2013-10-10,21.5
1014,1015,2013-10-11,9.9
1015,1016,2013-10-12,9.8
1016,1017,2013-10-13,9.9
1017,1018,2013-10-14,16.5
1018,1019,2013-10-15,16.3
1019,1020,2013-10-16,19.9
1020,1021,2013-10-17,9.9
1021,1022,2013-10-18,9.7
1022,1023,2013-10-19,9.9
1023,1024,2013-10-20,18.4
1024,1025,2013-10-21,19.3
1025,1026,2013-10-22,19.7
1026,1027,2013-10-23,19.0
1027,1028,2013-10-24,20.5
1028,1029,2013-10-25,21.7
1029,1030,2013-10-26,20.6
1030,1031,2013-10-27,20.2
1031,1032,2013-10-28,21.0
1032,1033,2013-10-29,24.3
1033,1034,2013-10-30,19.6
1034,1035,2013-10-31,9.9
1035,1036,2013-11-01,9.9
1036,1037,2013-11-02,9.9
1037,1038,2013-11-03,19.2
1038,1039,2013-11-04,17.4
1039,1040,2013-11-05,17.6
1040,1041,2013-11-06,9.9
1041,1042,2013-11-07,9.9
1042,1043,2013-11-08,17.6
1043,1044,2013-11-09,19.9
1044,1045,2013-11-10,9.9
1045,1046,2013-11-11,16.1
1046,1047,2013-11-12,15.7
1047,1048,2013-11-13,16.7
1048,1049,2013-11-14,9.9
1049,1050,2013-11-15,13.2
1050,1051,2013-11-16,9.9
1051,1052,2013-11-17,9.9
1052,1053,2013-11-18,14.2
1053,1054,2013-11-19,16.9
1054,1055,2013-11-20,9.9
1055,1056,2013-11-21,9.9
1056,1057,2013-11-22,9.9
1057,1058,2013-11-23,9.9
1058,1059,2013-11-24,9.9
1059,1060,2013-11-25,9.9
1060,1061,2013-11-26,8.2
1061,1062,2013-11-27,7.9
1062,1063,2013-11-28,7.2
1063,1064,2013-11-29,7.9
1064,1065,2013-11-30,9.0
1065,1066,2013-12-01,9.9
1066,1067,2013-12-02,9.9
1067,1068,2013-12-03,9.9
1068,1069,2013-12-04,8.6
1069,1070,2013-12-05,9.6
1070,1071,2013-12-06,8.3
1071,1072,2013-12-07,8.6
1072,1073,2013-12-08,9.9
1073,1074,2013-12-09,4.3
1074,1075,2013-12-10,9.9
1075,1076,2013-12-11,3.8
1076,1077,2013-12-12,3.9
1077,1078,2013-12-13,2.7
1078,1079,2013-12-14,4.7
1079,1080,2013-12-15,8.3
1080,1081,2013-12-16,5.3
1081,1082,2013-12-17,7.9
1082,1083,2013-12-18,3.5
1083,1084,2013-12-19,6.8
1084,1085,2013-12-20,9.5
1085,1086,2013-12-21,8.1
1086,1087,2013-12-22,6.9
1087,1088,2013-12-23,7.6
1088,1089,2013-12-24,8.6
1089,1090,2013-12-25,9.9
1090,1091,2013-12-26,9.7
1091,1092,2013-12-27,9.9
1092,1093,2013-12-28,9.6
1093,1094,2013-12-29,9.9
1094,1095,2013-12-30,9.9
1095,1096,2013-12-31,9.5
1096,1097,2014-01-01,9.5
1097,1098,2014-01-02,7.7
1098,1099,2014-01-03,7.0
1099,1100,2014-01-04,9.8
1100,1101,2014-01-05,9.9
1101,1102,2014-01-06,9.9
1102,1103,2014-01-07,7.4
1103,1104,2014-01-08,8.5
1104,1105,2014-01-09,7.9
1105,1106,2014-01-10,8.3
1106,1107,2014-01-11,9.9
1107,1108,2014-01-12,8.6
1108,1109,2014-01-13,9.3
1109,1110,2014-01-14,9.9
1110,1111,2014-01-15,6.7
1111,1112,2014-01-16,6.8
1112,1113,2014-01-17,9.6
1113,1114,2014-01-18,9.9
1114,1115,2014-01-19,9.8
1115,1116,2014-01-20,9.9
1116,1117,2014-01-21,9.9
1117,1118,2014-01-22,9.8
1118,1119,2014-01-23,8.9
1119,1120,2014-01-24,8.6
1120,1121,2014-01-25,9.9
1121,1122,2014-01-26,9.8
1122,1123,2014-01-27,9.8
1123,1124,2014-01-28,8.3
1124,1125,2014-01-29,7.9
1125,1126,2014-01-30,9.8
1126,1127,2014-01-31,8.9
1127,1128,2014-02-01,9.9
1128,1129,2014-02-02,9.9
1129,1130,2014-02-03,8.7
1130,1131,2014-02-04,9.2
1131,1132,2014-02-05,9.7
1132,1133,2014-02-06,9.6
1133,1134,2014-02-07,9.8
1134,1135,2014-02-08,9.9
1135,1136,2014-02-09,9.9
1136,1137,2014-02-10,9.8
1137,1138,2014-02-11,8.4
1138,1139,2014-02-12,9.7
1139,1140,2014-02-13,9.9
1140,1141,2014-02-14,9.6
1141,1142,2014-02-15,9.9
1142,1143,2014-02-16,9.9
1143,1144,2014-02-17,9.8
1144,1145,2014-02-18,9.9
1145,1146,2014-02-19,9.9
1146,1147,2014-02-20,9.8
1147,1148,2014-02-21,9.9
1148,1149,2014-02-22,9.9
1149,1150,2014-02-23,9.8
1150,1151,2014-02-24,9.8
1151,1152,2014-02-25,9.8
1152,1153,2014-02-26,9.9
1153,1154,2014-02-27,9.6
1154,1155,2014-02-28,9.9
1155,1156,2014-03-01,9.9
1156,1157,2014-03-02,9.9
1157,1158,2014-03-03,9.9
1158,1159,2014-03-04,9.9
1159,1160,2014-03-05,9.9
1160,1161,2014-03-06,9.9
1161,1162,2014-03-07,9.9
1162,1163,2014-03-08,9.9
1163,1164,2014-03-09,9.7
1164,1165,2014-03-10,9.8
1165,1166,2014-03-11,9.9
1166,1167,2014-03-12,9.9
1167,1168,2014-03-13,9.9
1168,1169,2014-03-14,9.9
1169,1170,2014-03-15,9.9
1170,1171,2014-03-16,9.9
1171,1172,2014-03-17,9.9
1172,1173,2014-03-18,9.6
1173,1174,2014-03-19,9.9
1174,1175,2014-03-20,9.9
1175,1176,2014-03-21,9.8
1176,1177,2014-03-22,9.8
1177,1178,2014-03-23,9.7
1178,1179,2014-03-24,9.8
1179,1180,2014-03-25,9.9
1180,1181,2014-03-26,9.6
1181,1182,2014-03-27,14.8
1182,1183,2014-03-28,9.9
1183,1184,2014-03-29,9.9
1184,1185,2014-03-30,9.8
1185,1186,2014-03-31,9.9
1186,1187,2014-04-01,9.9
1187,1188,2014-04-02,9.9
1188,1189,2014-04-03,9.8
1189,1190,2014-04-04,15.9
1190,1191,2014-04-05,15.9
1191,1192,2014-04-06,22.7
1192,1193,2014-04-07,22.1
1193,1194,2014-04-08,9.8
1194,1195,2014-04-09,18.2
1195,1196,2014-04-10,9.9
1196,1197,2014-04-11,16.8
1197,1198,2014-04-12,9.9
1198,1199,2014-04-13,9.9
1199,1200,2014-04-14,9.9
1200,1201,2014-04-15,9.7
1201,1202,2014-04-16,9.5
1202,1203,2014-04-17,9.6
1203,1204,2014-04-18,9.8
1204,1205,2014-04-19,18.7
1205,1206,2014-04-20,9.7
1206,1207,2014-04-21,16.6
1207,1208,2014-04-22,9.8
1208,1209,2014-04-23,9.9
1209,1210,2014-04-24,21.2
1210,1211,2014-04-25,9.6
1211,1212,2014-04-26,22.0
1212,1213,2014-04-27,18.3
1213,1214,2014-04-28,18.7
1214,1215,2014-04-29,21.3
1215,1216,2014-04-30,18.9
1216,1217,2014-05-01,21.2
1217,1218,2014-05-02,17.4
1218,1219,2014-05-03,18.4
1219,1220,2014-05-04,19.8
1220,1221,2014-05-05,9.9
1221,1222,2014-05-06,9.8
1222,1223,2014-05-07,22.4
1223,1224,2014-05-08,22.2
1224,1225,2014-05-09,22.2
1225,1226,2014-05-10,24.6
1226,1227,2014-05-11,24.9
1227,1228,2014-05-12,20.0
1228,1229,2014-05-13,17.9
1229,1230,2014-05-14,9.9
1230,1231,2014-05-15,9.9
1231,1232,2014-05-16,23.3
1232,1233,2014-05-17,22.0
1233,1234,2014-05-18,9.9
1234,1235,2014-05-19,22.0
1235,1236,2014-05-20,21.8
1236,1237,2014-05-21,24.0
1237,1238,2014-05-22,23.8
1238,1239,2014-05-23,25.5
1239,1240,2014-05-24,26.3
1240,1241,2014-05-25,25.7
1241,1242,2014-05-26,22.4
1242,1243,2014-05-27,23.4
1243,1244,2014-05-28,23.3
1244,1245,2014-05-29,24.4
1245,1246,2014-05-30,23.4
1246,1247,2014-05-31,21.8
1247,1248,2014-06-01,23.2
1248,1249,2014-06-02,22.8
1249,1250,2014-06-03,23.6
1250,1251,2014-06-04,24.5
1251,1252,2014-06-05,24.3
1252,1253,2014-06-06,25.8
1253,1254,2014-06-07,28.4
1254,1255,2014-06-08,30.0
1255,1256,2014-06-09,30.4
1256,1257,2014-06-10,33.0
1257,1258,2014-06-11,33.4
1258,1259,2014-06-12,33.1
1259,1260,2014-06-13,29.9
1260,1261,2014-06-14,26.9
1261,1262,2014-06-15,24.8
1262,1263,2014-06-16,23.3
1263,1264,2014-06-17,24.4
1264,1265,2014-06-18,25.6
1265,1266,2014-06-19,28.0
1266,1267,2014-06-20,27.9
1267,1268,2014-06-21,24.2
1268,1269,2014-06-22,25.6
1269,1270,2014-06-23,27.3
1270,1271,2014-06-24,26.7
1271,1272,2014-06-25,22.4
1272,1273,2014-06-26,24.2
1273,1274,2014-06-27,25.8
1274,1275,2014-06-28,26.4
1275,1276,2014-06-29,29.0
1276,1277,2014-06-30,24.8
1277,1278,2014-07-01,24.8
1278,1279,2014-07-02,25.6
1279,1280,2014-07-03,25.5
1280,1281,2014-07-04,26.8
1281,1282,2014-07-05,28.7
1282,1283,2014-07-06,28.1
1283,1284,2014-07-07,28.2
1284,1285,2014-07-08,27.9
1285,1286,2014-07-09,25.5
1286,1287,2014-07-10,21.8
1287,1288,2014-07-11,24.7
1288,1289,2014-07-12,25.8
1289,1290,2014-07-13,24.6
1290,1291,2014-07-14,26.1
1291,1292,2014-07-15,30.3
1292,1293,2014-07-16,31.8
1293,1294,2014-07-17,32.4
1294,1295,2014-07-18,32.3
1295,1296,2014-07-19,30.8
1296,1297,2014-07-20,30.5
1297,1298,2014-07-21,27.2
1298,1299,2014-07-22,26.2
1299,1300,2014-07-23,30.4
1300,1301,2014-07-24,23.6
1301,1302,2014-07-25,27.4
1302,1303,2014-07-26,23.4
1303,1304,2014-07-27,26.2
1304,1305,2014-07-28,29.8
1305,1306,2014-07-29,28.7
1306,1307,2014-07-30,25.4
1307,1308,2014-07-31,25.7
1308,1309,2014-08-01,28.7
1309,1310,2014-08-02,29.3
1310,1311,2014-08-03,28.9
1311,1312,2014-08-04,27.0
1312,1313,2014-08-05,27.4
1313,1314,2014-08-06,30.0
1314,1315,2014-08-07,28.6
1315,1316,2014-08-08,28.8
1316,1317,2014-08-09,30.3
1317,1318,2014-08-10,29.7
1318,1319,2014-08-11,31.3
1319,1320,2014-08-12,30.2
1320,1321,2014-08-13,30.0
1321,1322,2014-08-14,28.9
1322,1323,2014-08-15,25.5
1323,1324,2014-08-16,22.2
1324,1325,2014-08-17,25.4
1325,1326,2014-08-18,28.4
1326,1327,2014-08-19,24.1
1327,1328,2014-08-20,25.2
1328,1329,2014-08-21,25.7
1329,1330,2014-08-22,27.3
1330,1331,2014-08-23,22.4
1331,1332,2014-08-24,25.4
1332,1333,2014-08-25,24.7
1333,1334,2014-08-26,23.6
1334,1335,2014-08-27,26.9
1335,1336,2014-08-28,25.6
1336,1337,2014-08-29,27.8
1337,1338,2014-08-30,29.0
1338,1339,2014-08-31,27.2
1339,1340,2014-09-01,20.5
1340,1341,2014-09-02,22.4
1341,1342,2014-09-03,25.4
1342,1343,2014-09-04,22.8
1343,1344,2014-09-05,26.9
1344,1345,2014-09-06,27.7
1345,1346,2014-09-07,25.9
1346,1347,2014-09-08,26.8
1347,1348,2014-09-09,27.3
1348,1349,2014-09-10,25.4
1349,1350,2014-09-11,21.2
1350,1351,2014-09-12,20.6
1351,1352,2014-09-13,23.1
1352,1353,2014-09-14,24.0
1353,1354,2014-09-15,24.5
1354,1355,2014-09-16,24.8
1355,1356,2014-09-17,24.7
1356,1357,2014-09-18,24.2
1357,1358,2014-09-19,23.3
1358,1359,2014-09-20,23.4
1359,1360,2014-09-21,25.4
1360,1361,2014-09-22,25.1
1361,1362,2014-09-23,21.9
1362,1363,2014-09-24,9.9
1363,1364,2014-09-25,22.3
1364,1365,2014-09-26,9.6
1365,1366,2014-09-27,
1366,1367,2014-09-28,24.1
1367,1368,2014-09-29,24.8
1368,1369,2014-09-30,23.8
1369,1370,2014-10-01,19.6
1370,1371,2014-10-02,24.3
1371,1372,2014-10-03,23.0
1372,1373,2014-10-04,23.0
1373,1374,2014-10-05,21.9
1374,1375,2014-10-06,22.0
1375,1376,2014-10-07,23.3
1376,1377,2014-10-08,24.5
1377,1378,2014-10-09,22.8
1378,1379,2014-10-10,25.3
1379,1380,2014-10-11,25.4
1380,1381,2014-10-12,24.6
1381,1382,2014-10-13,26.5
1382,1383,2014-10-14,23.1
1383,1384,2014-10-15,20.6
1384,1385,2014-10-16,24.1
1385,1386,2014-10-17,26.6
1386,1387,2014-10-18,22.8
1387,1388,2014-10-19,23.4
1388,1389,2014-10-20,21.6
1389,1390,2014-10-21,23.6
1390,1391,2014-10-22,19.7
1391,1392,2014-10-23,14.8
1392,1393,2014-10-24,21.4
1393,1394,2014-10-25,17.1
1394,1395,2014-10-26,17.3
1395,1396,2014-10-27,15.9
1396,1397,2014-10-28,14.7
1397,1398,2014-10-29,15.5
1398,1399,2014-10-30,17.4
1399,1400,2014-10-31,17.3
1400,1401,2014-11-01,18.2
1401,1402,2014-11-02,19.7
1402,1403,2014-11-03,15.5
1403,1404,2014-11-04,20.4
1404,1405,2014-11-05,18.8
1405,1406,2014-11-06,17.7
1406,1407,2014-11-07,16.6
1407,1408,2014-11-08,16.3
1408,1409,2014-11-09,16.8
1409,1410,2014-11-10,17.7
1410,1411,2014-11-11,18.9
1411,1412,2014-11-12,17.5
1412,1413,2014-11-13,15.9
1413,1414,2014-11-14,17.4
1414,1415,2014-11-15,16.4
1415,1416,2014-11-16,18.3
1416,1417,2014-11-17,12.9
1417,1418,2014-11-18,15.2
1418,1419,2014-11-19,13.9
1419,1420,2014-11-20,11.2
1420,1421,2014-11-21,13.1
1421,1422,2014-11-22,13.8
1422,1423,2014-11-23,13.8
1423,1424,2014-11-24,10.6
1424,1425,2014-11-25,13.3
1425,1426,2014-11-26,11.9
1426,1427,2014-11-27,11.0
1427,1428,2014-11-28,14.7
1428,1429,2014-11-29,15.8
1429,1430,2014-11-30,15.0
1430,1431,2014-12-01,17.2
1431,1432,2014-12-02,13.0
1432,1433,2014-12-03,12.5
1433,1434,2014-12-04,11.4
1434,1435,2014-12-05,11.6
1435,1436,2014-12-06,13.0
1436,1437,2014-12-07,11.7
1437,1438,2014-12-08,14.2
1438,1439,2014-12-09,11.6
1439,1440,2014-12-10,11.4
1440,1441,2014-12-11,10.4
1441,1442,2014-12-12,10.0
1442,1443,2014-12-13,10.4
1443,1444,2014-12-14,7.4
1444,1445,2014-12-15,11.7
1445,1446,2014-12-16,10.8
1446,1447,2014-12-17,14.5
1447,1448,2014-12-18,13.1
1448,1449,2014-12-19,7.9
1449,1450,2014-12-20,10.7
1450,1451,2014-12-21,8.1
1451,1452,2014-12-22,6.5
1452,1453,2014-12-23,5.8
1453,1454,2014-12-24,6.4
1454,1455,2014-12-25,7.8
1455,1456,2014-12-26,7.3
1456,1457,2014-12-27,4.9
1457,1458,2014-12-28,7.3
1458,1459,2014-12-29,7.3
1459,1460,2014-12-30,5.0
1460,1461,2014-12-31,3.1
1461,1462,2015-01-01,4.5
1462,1463,2015-01-02,5.0
1463,1464,2015-01-03,8.1
1464,1465,2015-01-04,10.3
1465,1466,2015-01-05,9.7
1466,1467,2015-01-06,10.8
1467,1468,2015-01-07,10.2
1468,1469,2015-01-08,9.5
1469,1470,2015-01-09,7.7
1470,1471,2015-01-10,5.4
1471,1472,2015-01-11,8.1
1472,1473,2015-01-12,12.7
1473,1474,2015-01-13,10.0
1474,1475,2015-01-14,8.6
1475,1476,2015-01-15,7.9
1476,1477,2015-01-16,12.7
1477,1478,2015-01-17,14.3
1478,1479,2015-01-18,10.9
1479,1480,2015-01-19,6.0
1480,1481,2015-01-20,7.5
1481,1482,2015-01-21,8.2
1482,1483,2015-01-22,9.4
1483,1484,2015-01-23,11.5
1484,1485,2015-01-24,11.2
1485,1486,2015-01-25,10.5
1486,1487,2015-01-26,8.8
1487,1488,2015-01-27,6.5
1488,1489,2015-01-28,8.8
1489,1490,2015-01-29,6.2
1490,1491,2015-01-30,6.3
1491,1492,2015-01-31,8.5
1492,1493,2015-02-01,7.8
1493,1494,2015-02-02,7.8
1494,1495,2015-02-03,7.8
1495,1496,2015-02-04,7.9
1496,1497,2015-02-05,7.4
1497,1498,2015-02-06,7.1
1498,1499,2015-02-07,7.2
1499,1500,2015-02-08,6.5
1500,1501,2015-02-09,7.2
1501,1502,2015-02-10,9.1
1502,1503,2015-02-11,10.8
1503,1504,2015-02-12,9.7
1504,1505,2015-02-13,9.4
1505,1506,2015-02-14,9.5
1506,1507,2015-02-15,11.5
1507,1508,2015-02-16,12.7
1508,1509,2015-02-17,11.7
1509,1510,2015-02-18,10.5
1510,1511,2015-02-19,11.5
1511,1512,2015-02-20,10.4
1512,1513,2015-02-21,12.2
1513,1514,2015-02-22,9.8
1514,1515,2015-02-23,11.6
1515,1516,2015-02-24,10.7
1516,1517,2015-02-25,13.6
1517,1518,2015-02-26,11.9
1518,1519,2015-02-27,12.4
1519,1520,2015-02-28,13.0
1520,1521,2015-03-01,13.6
1521,1522,2015-03-02,12.1
1522,1523,2015-03-03,12.8
1523,1524,2015-03-04,11.8
1524,1525,2015-03-05,11.5
1525,1526,2015-03-06,11.1
1526,1527,2015-03-07,12.0
1527,1528,2015-03-08,12.1
1528,1529,2015-03-09,10.4
1529,1530,2015-03-10,14.1
1530,1531,2015-03-11,16.4
1531,1532,2015-03-12,14.0
1532,1533,2015-03-13,12.8
1533,1534,2015-03-14,12.2
1534,1535,2015-03-15,12.1
1535,1536,2015-03-16,10.2
1536,1537,2015-03-17,12.8
1537,1538,2015-03-18,13.9
1538,1539,2015-03-19,15.6
1539,1540,2015-03-20,14.9
1540,1541,2015-03-21,12.4
1541,1542,2015-03-22,12.5
1542,1543,2015-03-23,14.3
1543,1544,2015-03-24,13.8
1544,1545,2015-03-25,13.5
1545,1546,2015-03-26,14.6
1546,1547,2015-03-27,12.6
1547,1548,2015-03-28,16.2
1548,1549,2015-03-29,14.4
1549,1550,2015-03-30,19.3
1550,1551,2015-03-31,18.8
1551,1552,2015-04-01,20.5
1552,1553,2015-04-02,18.4
1553,1554,2015-04-03,15.0
1554,1555,2015-04-04,11.4
1555,1556,2015-04-05,13.1
1556,1557,2015-04-06,13.2
1557,1558,2015-04-07,15.1
1558,1559,2015-04-08,15.7
1559,1560,2015-04-09,17.6
1560,1561,2015-04-10,17.0
1561,1562,2015-04-11,16.6
1562,1563,2015-04-12,20.8
1563,1564,2015-04-13,24.9
1564,1565,2015-04-14,21.3
1565,1566,2015-04-15,20.7
1566,1567,2015-04-16,21.0
1567,1568,2015-04-17,18.2
1568,1569,2015-04-18,17.9
1569,1570,2015-04-19,14.8
1570,1571,2015-04-20,18.4
1571,1572,2015-04-21,23.5
1572,1573,2015-04-22,21.8
1573,1574,2015-04-23,22.8
1574,1575,2015-04-24,18.0
1575,1576,2015-04-25,18.1
1576,1577,2015-04-26,19.5
1577,1578,2015-04-27,17.7
1578,1579,2015-04-28,18.2
1579,1580,2015-04-29,17.6
1580,1581,2015-04-30,17.8
1581,1582,2015-05-01,17.9
1582,1583,2015-05-02,19.9
1583,1584,2015-05-03,20.6
1584,1585,2015-05-04,19.9
1585,1586,2015-05-05,20.9
1586,1587,2015-05-06,22.5
1587,1588,2015-05-07,25.0
1588,1589,2015-05-08,25.7
1589,1590,2015-05-09,27.3
1590,1591,2015-05-10,26.2
1591,1592,2015-05-11,24.7
1592,1593,2015-05-12,24.4
1593,1594,2015-05-13,22.3
1594,1595,2015-05-14,24.8
1595,1596,2015-05-15,21.0
1596,1597,2015-05-16,23.8
1597,1598,2015-05-17,26.5
1598,1599,2015-05-18,25.3
1599,1600,2015-05-19,24.5
1600,1601,2015-05-20,21.9
1601,1602,2015-05-21,20.4
1602,1603,2015-05-22,15.8
1603,1604,2015-05-23,16.2
1604,1605,2015-05-24,21.0
1605,1606,2015-05-25,24.9
1606,1607,2015-05-26,21.1
1607,1608,2015-05-27,21.2
1608,1609,2015-05-28,21.1
1609,1610,2015-05-29,22.2
1610,1611,2015-05-30,23.8
1611,1612,2015-05-31,23.9
1612,1613,2015-06-01,24.9
1613,1614,2015-06-02,26.5
1614,1615,2015-06-03,29.2
1615,1616,2015-06-04,31.7
1616,1617,2015-06-05,30.9
1617,1618,2015-06-06,30.0
1618,1619,2015-06-07,30.8
1619,1620,2015-06-08,29.3
1620,1621,2015-06-09,29.6
1621,1622,2015-06-10,28.6
1622,1623,2015-06-11,29.5
1623,1624,2015-06-12,28.7
1624,1625,2015-06-13,28.6
1625,1626,2015-06-14,26.1
1626,1627,2015-06-15,28.4
1627,1628,2015-06-16,26.3
1628,1629,2015-06-17,24.7
1629,1630,2015-06-18,23.7
1630,1631,2015-06-19,24.8
1631,1632,2015-06-20,23.6
1632,1633,2015-06-21,24.6
1633,1634,2015-06-22,24.2
1634,1635,2015-06-23,28.6
1635,1636,2015-06-24,24.1
1636,1637,2015-06-25,25.0
1637,1638,2015-06-26,26.7
1638,1639,2015-06-27,27.0
1639,1640,2015-06-28,28.4
1640,1641,2015-06-29,26.5
1641,1642,2015-06-30,28.6
1642,1643,2015-07-01,28.6
1643,1644,2015-07-02,29.3
1644,1645,2015-07-03,31.5
1645,1646,2015-07-04,30.7
1646,1647,2015-07-05,31.6
1647,1648,2015-07-06,31.1
1648,1649,2015-07-07,32.6
1649,1650,2015-07-08,32.6
1650,1651,2015-07-09,27.0
1651,1652,2015-07-10,27.6
1652,1653,2015-07-11,28.4
1653,1654,2015-07-12,30.4
1654,1655,2015-07-13,29.6
1655,1656,2015-07-14,30.0
1656,1657,2015-07-15,30.8
1657,1658,2015-07-16,31.4
1658,1659,2015-07-17,32.5
1659,1660,2015-07-18,33.0
1660,1661,2015-07-19,33.1
1661,1662,2015-07-20,33.4
1662,1663,2015-07-21,34.4
1663,1664,2015-07-22,35.3
1664,1665,2015-07-23,33.6
1665,1666,2015-07-24,31.7
1666,1667,2015-07-25,32.2
1667,1668,2015-07-26,26.4
1668,1669,2015-07-27,28.2
1669,1670,2015-07-28,29.6
1670,1671,2015-07-29,30.7
1671,1672,2015-07-30,25.5
1672,1673,2015-07-31,25.5
1673,1674,2015-08-01,26.1
1674,1675,2015-08-02,26.3
1675,1676,2015-08-03,30.1
1676,1677,2015-08-04,31.2
1677,1678,2015-08-05,31.9
1678,1679,2015-08-06,33.4
1679,1680,2015-08-07,33.1
1680,1681,2015-08-08,34.4
1681,1682,2015-08-09,32.1
1682,1683,2015-08-10,30.0
1683,1684,2015-08-11,30.9
1684,1685,2015-08-12,33.9
1685,1686,2015-08-13,33.4
1686,1687,2015-08-14,32.2
1687,1688,2015-08-15,29.2
1688,1689,2015-08-16,25.4
1689,1690,2015-08-17,26.6
1690,1691,2015-08-18,27.2
1691,1692,2015-08-19,21.5
1692,1693,2015-08-20,29.3
1693,1694,2015-08-21,25.3
1694,1695,2015-08-22,25.8
1695,1696,2015-08-23,26.8
1696,1697,2015-08-24,27.1
1697,1698,2015-08-25,28.5
1698,1699,2015-08-26,27.6
1699,1700,2015-08-27,28.8
1700,1701,2015-08-28,29.8
1701,1702,2015-08-29,30.6
1702,1703,2015-08-30,32.0
1703,1704,2015-08-31,31.1
1704,1705,2015-09-01,31.2
1705,1706,2015-09-02,30.0
1706,1707,2015-09-03,30.8
1707,1708,2015-09-04,29.4
1708,1709,2015-09-05,28.9
1709,1710,2015-09-06,24.2
1710,1711,2015-09-07,23.6
1711,1712,2015-09-08,23.8
1712,1713,2015-09-09,23.3
1713,1714,2015-09-10,22.9
1714,1715,2015-09-11,23.2
1715,1716,2015-09-12,25.0
1716,1717,2015-09-13,25.4
1717,1718,2015-09-14,30.1
1718,1719,2015-09-15,29.7
1719,1720,2015-09-16,27.3
1720,1721,2015-09-17,30.4
1721,1722,2015-09-18,30.1
1722,1723,2015-09-19,28.0
1723,1724,2015-09-20,25.9
1724,1725,2015-09-21,23.7
1725,1726,2015-09-22,22.7
1726,1727,2015-09-23,22.9
1727,1728,2015-09-24,19.7
1728,1729,2015-09-25,19.7
1729,1730,2015-09-26,23.0
1730,1731,2015-09-27,21.5
1731,1732,2015-09-28,21.4
1732,1733,2015-09-29,20.4
1733,1734,2015-09-30,19.5
1734,1735,2015-10-01,17.9
1735,1736,2015-10-02,18.9
1736,1737,2015-10-03,22.0
1737,1738,2015-10-04,23.4
1738,1739,2015-10-05,21.8
1739,1740,2015-10-06,18.7
1740,1741,2015-10-07,23.2
1741,1742,2015-10-08,23.0
1742,1743,2015-10-09,21.3
1743,1744,2015-10-10,18.0
1744,1745,2015-10-11,22.0
1745,1746,2015-10-12,20.4
1746,1747,2015-10-13,18.1
1747,1748,2015-10-14,18.5
1748,1749,2015-10-15,20.1
1749,1750,2015-10-16,16.0
1750,1751,2015-10-17,16.9
1751,1752,2015-10-18,16.0
1752,1753,2015-10-19,17.6
1753,1754,2015-10-20,17.7
1754,1755,2015-10-21,16.5
1755,1756,2015-10-22,16.4
1756,1757,2015-10-23,17.9
1757,1758,2015-10-24,18.0
1758,1759,2015-10-25,17.4
1759,1760,2015-10-26,18.6
1760,1761,2015-10-27,17.4
1761,1762,2015-10-28,14.8
1762,1763,2015-10-29,15.2
1763,1764,2015-10-30,18.0
1764,1765,2015-10-31,17.6
1765,1766,2015-11-01,16.6
1766,1767,2015-11-02,15.7
1767,1768,2015-11-03,16.2
1768,1769,2015-11-04,13.7
1769,1770,2015-11-05,16.9
1770,1771,2015-11-06,20.0
1771,1772,2015-11-07,20.2
1772,1773,2015-11-08,18.5
1773,1774,2015-11-09,12.2
1774,1775,2015-11-10,11.7
1775,1776,2015-11-11,10.2
1776,1777,2015-11-12,9.7
1777,1778,2015-11-13,10.1
1778,1779,2015-11-14,12.8
1779,1780,2015-11-15,13.3
1780,1781,2015-11-16,12.5
1781,1782,2015-11-17,10.3
1782,1783,2015-11-18,11.7
1783,1784,2015-11-19,12.7
1784,1785,2015-11-20,13.3
1785,1786,2015-11-21,11.0
1786,1787,2015-11-22,10.4
1787,1788,2015-11-23,9.6
1788,1789,2015-11-24,10.1
1789,1790,2015-11-25,7.2
1790,1791,2015-11-26,10.2
1791,1792,2015-11-27,11.6
1792,1793,2015-11-28,9.2
1793,1794,2015-11-29,9.1
1794,1795,2015-11-30,8.1
1795,1796,2015-12-01,9.8
1796,1797,2015-12-02,11.3
1797,1798,2015-12-03,8.2
1798,1799,2015-12-04,8.1
1799,1800,2015-12-05,11.3
1800,1801,2015-12-06,6.0
1801,1802,2015-12-07,7.7
1802,1803,2015-12-08,6.5
1803,1804,2015-12-09,4.8
1804,1805,2015-12-10,10.1
1805,1806,2015-12-11,2.6
1806,1807,2015-12-12,3.9
1807,1808,2015-12-13,5.5
1808,1809,2015-12-14,8.8
1809,1810,2015-12-15,7.9
1810,1811,2015-12-16,10.6
1811,1812,2015-12-17,9.1
1812,1813,2015-12-18,8.3
1813,1814,2015-12-19,9.3
1814,1815,2015-12-20,4.3
1815,1816,2015-12-21,8.2
1816,1817,2015-12-22,7.0
1817,1818,2015-12-23,7.2
1818,1819,2015-12-24,9.5
1819,1820,2015-12-25,7.5
1820,1821,2015-12-26,6.1
1821,1822,2015-12-27,3.9
1822,1823,2015-12-28,2.3
1823,1824,2015-12-29,2.2
1824,1825,2015-12-30,11.3
1825,1826,2015-12-31,6.9
1826,1827,2016-01-01,0.8
